"codiceCliente";"nome";"Cognome";"email";"idAbbAnnuale";"idAbbMensile"
"Cliente_1";"Salvatore";"Cangiano";"cavallinorampante@gmail.com";0;234
"Cliente_2";"Antonio";"Boccarossa";"forzanapoli@gmail.com";0;567
"Cliente_3";"Giovanni";"Ciccarelli";"odiolajuve@gmail.com";213;0
"Cliente_4";"Francesco";"Brunello";"cicciopasticcio@gmail.com";0;570
"Cliente_5";"Antonio";"de Gasperi";"deGasp@gmail.com";225;0
"Cliente_7";"Renato";"Ferrara";"renfer@gmail.com";226;0
"Cliente_8";"Rosso";" Malpelo";"verga@gmail.com";0;0
"Cliente_9";"Gabriele";"Ciccarelli";"ilmasto@gmail.com";0;0
